Crop,Crop Stage,Disease
Cotton,Germination Stage,Pythium rot
Cotton,Germination Stage,Bacterial wilt
Cotton,Germination Stage,Fusarium wilt
Cotton,Germination Stage,Seed rot
Cotton,Germination Stage,Damping-off
Cotton,Germination Stage,Seedling blight
Cotton,Germination Stage,Root rot
Cotton,Germination Stage,Seed rot
Cotton,Germination Stage,Seed rot
Cotton,Germination Stage,Pythium rot
Cotton,Germination Stage,Pythium rot
Cotton,Germination Stage,Seed rot
Cotton,Germination Stage,Fusarium wilt
Cotton,Germination Stage,Bacterial wilt
Cotton,Germination Stage,Damping-off
Cotton,Germination Stage,Fusarium wilt
Cotton,Germination Stage,Pythium rot
Cotton,Germination Stage,Seedling blight
Cotton,Germination Stage,Root rot
Cotton,Germination Stage,Damping-off
Cotton,Germination Stage,Damping-off
Cotton,Germination Stage,Fusarium wilt
Cotton,Germination Stage,Fusarium wilt
Cotton,Germination Stage,Seedling blight
Cotton,Germination Stage,Pythium rot
Cotton,Germination Stage,Damping-off
Cotton,Germination Stage,Bacterial wilt
Cotton,Germination Stage,Pythium rot
Cotton,Germination Stage,Pythium rot
Cotton,Germination Stage,Damping-off
Cotton,Germination Stage,Seed rot
Cotton,Germination Stage,Damping-off
Cotton,Germination Stage,Fusarium wilt
Cotton,Germination Stage,Root rot
Cotton,Germination Stage,Bacterial wilt
Cotton,Germination Stage,Pythium rot
Cotton,Germination Stage,Seedling blight
Cotton,Germination Stage,Seed rot
Cotton,Germination Stage,Damping-off
Cotton,Germination Stage,Bacterial wilt
Cotton,Germination Stage,Seedling blight
Cotton,Germination Stage,Fusarium wilt
Cotton,Germination Stage,Fusarium wilt
Cotton,Germination Stage,Root rot
Cotton,Germination Stage,Pythium rot
Cotton,Germination Stage,Bacterial wilt
Cotton,Germination Stage,Pythium rot
Cotton,Germination Stage,Damping-off
Cotton,Germination Stage,Fusarium wilt
Cotton,Germination Stage,Pythium rot
Cotton,Germination Stage,Pythium rot
Cotton,Germination Stage,Bacterial wilt
Cotton,Germination Stage,Seedling blight
Cotton,Germination Stage,Seedling blight
Cotton,Germination Stage,Damping-off
Cotton,Germination Stage,Seedling blight
Cotton,Germination Stage,Damping-off
Cotton,Germination Stage,Bacterial wilt
Cotton,Germination Stage,Bacterial wilt
Cotton,Germination Stage,Root rot
Cotton,Germination Stage,Seedling blight
Cotton,Germination Stage,Fusarium wilt
Cotton,Germination Stage,Seedling blight
Cotton,Germination Stage,Damping-off
Cotton,Germination Stage,Seed rot
Cotton,Germination Stage,Seed rot
Cotton,Germination Stage,Seedling blight
Cotton,Germination Stage,Damping-off
Cotton,Germination Stage,Root rot
Cotton,Germination Stage,Damping-off
Cotton,Germination Stage,Seed rot
Cotton,Germination Stage,Pythium rot
Cotton,Germination Stage,Seed rot
Cotton,Germination Stage,Root rot
Cotton,Germination Stage,Fusarium wilt
Cotton,Germination Stage,Root rot
Cotton,Germination Stage,Fusarium wilt
Cotton,Germination Stage,Seed rot
Cotton,Germination Stage,Seedling blight
Cotton,Germination Stage,Seedling blight
Cotton,Germination Stage,Root rot
Cotton,Germination Stage,Root rot
Cotton,Germination Stage,Pythium rot
Cotton,Germination Stage,Bacterial wilt
Cotton,Germination Stage,Root rot
Cotton,Germination Stage,Root rot
Cotton,Germination Stage,Pythium rot
Cotton,Germination Stage,Pythium rot
Cotton,Germination Stage,Pythium rot
Cotton,Germination Stage,Root rot
Cotton,Germination Stage,Seedling blight
Cotton,Germination Stage,Pythium rot
Cotton,Germination Stage,Root rot
Cotton,Germination Stage,Pythium rot
Cotton,Germination Stage,Pythium rot
Cotton,Germination Stage,Damping-off
Cotton,Germination Stage,Seedling blight
Cotton,Germination Stage,Seedling blight
Cotton,Germination Stage,Pythium rot
Cotton,Germination Stage,Seed rot
Cotton,Germination Stage,Bacterial wilt
Cotton,Germination Stage,Root rot
Cotton,Germination Stage,Fusarium wilt
Cotton,Germination Stage,Root rot
Cotton,Germination Stage,Fusarium wilt
Cotton,Germination Stage,Bacterial wilt
Cotton,Germination Stage,Fusarium wilt
Cotton,Germination Stage,Seedling blight
Cotton,Germination Stage,Bacterial wilt
Cotton,Germination Stage,Bacterial wilt
Cotton,Germination Stage,Damping-off
Cotton,Germination Stage,Fusarium wilt
Cotton,Germination Stage,Damping-off
Cotton,Germination Stage,Seed rot
Cotton,Germination Stage,Seed rot
Cotton,Germination Stage,Seedling blight
Cotton,Germination Stage,Pythium rot
Cotton,Germination Stage,Bacterial wilt
Cotton,Germination Stage,Pythium rot
Cotton,Germination Stage,Seed rot
Cotton,Germination Stage,Damping-off
Cotton,Germination Stage,Damping-off
Cotton,Germination Stage,Seed rot
Cotton,Germination Stage,Bacterial wilt
Cotton,Germination Stage,Seed rot
Cotton,Germination Stage,Seedling blight
Cotton,Germination Stage,Fusarium wilt
Cotton,Germination Stage,Damping-off
Cotton,Germination Stage,Damping-off
Cotton,Germination Stage,Bacterial wilt
Cotton,Germination Stage,Fusarium wilt
Cotton,Germination Stage,Seedling blight
Cotton,Germination Stage,Seedling blight
Cotton,Germination Stage,Root rot
Cotton,Germination Stage,Seedling blight
Cotton,Germination Stage,Seedling blight
Cotton,Germination Stage,Root rot
Cotton,Germination Stage,Root rot
Cotton,Germination Stage,Seedling blight
Cotton,Germination Stage,Pythium rot
Cotton,Germination Stage,Damping-off
Cotton,Germination Stage,Bacterial wilt
Cotton,Germination Stage,Seed rot
Cotton,Germination Stage,Damping-off
Cotton,Germination Stage,Seed rot
Cotton,Germination Stage,Damping-off
Cotton,Germination Stage,Bacterial wilt
Cotton,Germination Stage,Fusarium wilt
Cotton,Germination Stage,Root rot
Cotton,Germination Stage,Bacterial wilt
Cotton,Germination Stage,Seedling blight
Cotton,Germination Stage,Fusarium wilt
Cotton,Germination Stage,Fusarium wilt
Cotton,Germination Stage,Pythium rot
Cotton,Germination Stage,Damping-off
Cotton,Germination Stage,Bacterial wilt
Cotton,Germination Stage,Damping-off
Cotton,Germination Stage,Seed rot
Cotton,Germination Stage,Root rot
Cotton,Germination Stage,Pythium rot
Cotton,Germination Stage,Root rot
Cotton,Germination Stage,Seedling blight
Cotton,Germination Stage,Seedling blight
Cotton,Germination Stage,Seed rot
Cotton,Germination Stage,Seedling blight
Cotton,Germination Stage,Seed rot
Cotton,Germination Stage,Bacterial wilt
Cotton,Germination Stage,Pythium rot
Cotton,Germination Stage,Seed rot
Cotton,Germination Stage,Seed rot
Cotton,Germination Stage,Bacterial wilt
Cotton,Germination Stage,Root rot
Cotton,Germination Stage,Bacterial wilt
Cotton,Germination Stage,Seed rot
Cotton,Germination Stage,Bacterial wilt
Cotton,Germination Stage,Seedling blight
Cotton,Germination Stage,Damping-off
Cotton,Germination Stage,Bacterial wilt
Cotton,Germination Stage,Pythium rot
Cotton,Germination Stage,Fusarium wilt
Cotton,Germination Stage,Pythium rot
Cotton,Germination Stage,Damping-off
Cotton,Germination Stage,Seedling blight
Cotton,Germination Stage,Pythium rot
Cotton,Germination Stage,Seed rot
Cotton,Germination Stage,Seed rot
Cotton,Germination Stage,Damping-off
Cotton,Germination Stage,Damping-off
Cotton,Germination Stage,Seedling blight
Cotton,Germination Stage,Bacterial wilt
Cotton,Germination Stage,Bacterial wilt
Cotton,Germination Stage,Seedling blight
Cotton,Germination Stage,Root rot
Cotton,Germination Stage,Seedling blight
Cotton,Germination Stage,Root rot
Cotton,Germination Stage,Pythium rot
Cotton,Germination Stage,Damping-off
Cotton,Germination Stage,Damping-off
Cotton,Germination Stage,Seedling blight
Cotton,Germination Stage,Fusarium wilt
Cotton,Seedling Establishment and Vegetative Growth,Leaf curl virus
Cotton,Seedling Establishment and Vegetative Growth,Stem canker
Cotton,Seedling Establishment and Vegetative Growth,Cercospora leaf spot
Cotton,Seedling Establishment and Vegetative Growth,Leaf curl virus
Cotton,Seedling Establishment and Vegetative Growth,Alternaria leaf spot
Cotton,Seedling Establishment and Vegetative Growth,Stem canker
Cotton,Seedling Establishment and Vegetative Growth,Cercospora leaf spot
Cotton,Seedling Establishment and Vegetative Growth,Leaf curl virus
Cotton,Seedling Establishment and Vegetative Growth,Anthracnose
Cotton,Seedling Establishment and Vegetative Growth,Anthracnose
Cotton,Seedling Establishment and Vegetative Growth,Anthracnose
Cotton,Seedling Establishment and Vegetative Growth,Alternaria leaf spot
Cotton,Seedling Establishment and Vegetative Growth,Gray mildew
Cotton,Seedling Establishment and Vegetative Growth,Anthracnose
Cotton,Seedling Establishment and Vegetative Growth,Leaf curl virus
Cotton,Seedling Establishment and Vegetative Growth,Gray mildew
Cotton,Seedling Establishment and Vegetative Growth,Stem canker
Cotton,Seedling Establishment and Vegetative Growth,Stem canker
Cotton,Seedling Establishment and Vegetative Growth,Alternaria leaf spot
Cotton,Seedling Establishment and Vegetative Growth,Anthracnose
Cotton,Seedling Establishment and Vegetative Growth,Gray mildew
Cotton,Seedling Establishment and Vegetative Growth,Leaf curl virus
Cotton,Seedling Establishment and Vegetative Growth,Cercospora leaf spot
Cotton,Seedling Establishment and Vegetative Growth,Leaf curl virus
Cotton,Seedling Establishment and Vegetative Growth,Gray mildew
Cotton,Seedling Establishment and Vegetative Growth,Bacterial blight
Cotton,Seedling Establishment and Vegetative Growth,Stem canker
Cotton,Seedling Establishment and Vegetative Growth,Leaf curl virus
Cotton,Seedling Establishment and Vegetative Growth,Cercospora leaf spot
Cotton,Seedling Establishment and Vegetative Growth,Gray mildew
Cotton,Seedling Establishment and Vegetative Growth,Anthracnose
Cotton,Seedling Establishment and Vegetative Growth,Leaf curl virus
Cotton,Seedling Establishment and Vegetative Growth,Bacterial blight
Cotton,Seedling Establishment and Vegetative Growth,Leaf curl virus
Cotton,Seedling Establishment and Vegetative Growth,Alternaria leaf spot
Cotton,Seedling Establishment and Vegetative Growth,Cercospora leaf spot
Cotton,Seedling Establishment and Vegetative Growth,Anthracnose
Cotton,Seedling Establishment and Vegetative Growth,Anthracnose
Cotton,Seedling Establishment and Vegetative Growth,Bacterial blight
Cotton,Seedling Establishment and Vegetative Growth,Stem canker
Cotton,Seedling Establishment and Vegetative Growth,Leaf curl virus
Cotton,Seedling Establishment and Vegetative Growth,Alternaria leaf spot
Cotton,Seedling Establishment and Vegetative Growth,Cercospora leaf spot
Cotton,Seedling Establishment and Vegetative Growth,Cercospora leaf spot
Cotton,Seedling Establishment and Vegetative Growth,Bacterial blight
Cotton,Seedling Establishment and Vegetative Growth,Gray mildew
Cotton,Seedling Establishment and Vegetative Growth,Alternaria leaf spot
Cotton,Seedling Establishment and Vegetative Growth,Stem canker
Cotton,Seedling Establishment and Vegetative Growth,Leaf curl virus
Cotton,Seedling Establishment and Vegetative Growth,Bacterial blight
Cotton,Seedling Establishment and Vegetative Growth,Gray mildew
Cotton,Seedling Establishment and Vegetative Growth,Bacterial blight
Cotton,Seedling Establishment and Vegetative Growth,Stem canker
Cotton,Seedling Establishment and Vegetative Growth,Alternaria leaf spot
Cotton,Seedling Establishment and Vegetative Growth,Leaf curl virus
Cotton,Seedling Establishment and Vegetative Growth,Gray mildew
Cotton,Seedling Establishment and Vegetative Growth,Cercospora leaf spot
Cotton,Seedling Establishment and Vegetative Growth,Anthracnose
Cotton,Seedling Establishment and Vegetative Growth,Bacterial blight
Cotton,Seedling Establishment and Vegetative Growth,Anthracnose
Cotton,Seedling Establishment and Vegetative Growth,Stem canker
Cotton,Seedling Establishment and Vegetative Growth,Cercospora leaf spot
Cotton,Seedling Establishment and Vegetative Growth,Stem canker
Cotton,Seedling Establishment and Vegetative Growth,Anthracnose
Cotton,Seedling Establishment and Vegetative Growth,Stem canker
Cotton,Seedling Establishment and Vegetative Growth,Bacterial blight
Cotton,Seedling Establishment and Vegetative Growth,Alternaria leaf spot
Cotton,Seedling Establishment and Vegetative Growth,Alternaria leaf spot
Cotton,Seedling Establishment and Vegetative Growth,Leaf curl virus
Cotton,Seedling Establishment and Vegetative Growth,Gray mildew
Cotton,Seedling Establishment and Vegetative Growth,Bacterial blight
Cotton,Seedling Establishment and Vegetative Growth,Gray mildew
Cotton,Seedling Establishment and Vegetative Growth,Stem canker
Cotton,Seedling Establishment and Vegetative Growth,Gray mildew
Cotton,Seedling Establishment and Vegetative Growth,Bacterial blight
Cotton,Seedling Establishment and Vegetative Growth,Stem canker
Cotton,Seedling Establishment and Vegetative Growth,Anthracnose
Cotton,Seedling Establishment and Vegetative Growth,Stem canker
Cotton,Seedling Establishment and Vegetative Growth,Cercospora leaf spot
Cotton,Seedling Establishment and Vegetative Growth,Stem canker
Cotton,Seedling Establishment and Vegetative Growth,Cercospora leaf spot
Cotton,Seedling Establishment and Vegetative Growth,Anthracnose
Cotton,Seedling Establishment and Vegetative Growth,Cercospora leaf spot
Cotton,Seedling Establishment and Vegetative Growth,Alternaria leaf spot
Cotton,Seedling Establishment and Vegetative Growth,Alternaria leaf spot
Cotton,Seedling Establishment and Vegetative Growth,Leaf curl virus
Cotton,Seedling Establishment and Vegetative Growth,Anthracnose
Cotton,Seedling Establishment and Vegetative Growth,Cercospora leaf spot
Cotton,Seedling Establishment and Vegetative Growth,Leaf curl virus
Cotton,Seedling Establishment and Vegetative Growth,Alternaria leaf spot
Cotton,Seedling Establishment and Vegetative Growth,Leaf curl virus
Cotton,Seedling Establishment and Vegetative Growth,Alternaria leaf spot
Cotton,Seedling Establishment and Vegetative Growth,Bacterial blight
Cotton,Seedling Establishment and Vegetative Growth,Alternaria leaf spot
Cotton,Seedling Establishment and Vegetative Growth,Leaf curl virus
Cotton,Seedling Establishment and Vegetative Growth,Stem canker
Cotton,Seedling Establishment and Vegetative Growth,Alternaria leaf spot
Cotton,Seedling Establishment and Vegetative Growth,Leaf curl virus
Cotton,Seedling Establishment and Vegetative Growth,Anthracnose
Cotton,Seedling Establishment and Vegetative Growth,Cercospora leaf spot
Cotton,Seedling Establishment and Vegetative Growth,Anthracnose
Cotton,Seedling Establishment and Vegetative Growth,Anthracnose
Cotton,Seedling Establishment and Vegetative Growth,Leaf curl virus
Cotton,Seedling Establishment and Vegetative Growth,Stem canker
Cotton,Seedling Establishment and Vegetative Growth,Stem canker
Cotton,Seedling Establishment and Vegetative Growth,Cercospora leaf spot
Cotton,Seedling Establishment and Vegetative Growth,Cercospora leaf spot
Cotton,Seedling Establishment and Vegetative Growth,Leaf curl virus
Cotton,Seedling Establishment and Vegetative Growth,Gray mildew
Cotton,Seedling Establishment and Vegetative Growth,Gray mildew
Cotton,Seedling Establishment and Vegetative Growth,Leaf curl virus
Cotton,Seedling Establishment and Vegetative Growth,Alternaria leaf spot
Cotton,Seedling Establishment and Vegetative Growth,Cercospora leaf spot
Cotton,Seedling Establishment and Vegetative Growth,Stem canker
Cotton,Seedling Establishment and Vegetative Growth,Cercospora leaf spot
Cotton,Seedling Establishment and Vegetative Growth,Stem canker
Cotton,Seedling Establishment and Vegetative Growth,Gray mildew
Cotton,Seedling Establishment and Vegetative Growth,Anthracnose
Cotton,Seedling Establishment and Vegetative Growth,Anthracnose
Cotton,Seedling Establishment and Vegetative Growth,Bacterial blight
Cotton,Seedling Establishment and Vegetative Growth,Gray mildew
Cotton,Seedling Establishment and Vegetative Growth,Alternaria leaf spot
Cotton,Seedling Establishment and Vegetative Growth,Cercospora leaf spot
Cotton,Seedling Establishment and Vegetative Growth,Cercospora leaf spot
Cotton,Seedling Establishment and Vegetative Growth,Gray mildew
Cotton,Seedling Establishment and Vegetative Growth,Leaf curl virus
Cotton,Seedling Establishment and Vegetative Growth,Anthracnose
Cotton,Seedling Establishment and Vegetative Growth,Leaf curl virus
Cotton,Seedling Establishment and Vegetative Growth,Gray mildew
Cotton,Seedling Establishment and Vegetative Growth,Bacterial blight
Cotton,Seedling Establishment and Vegetative Growth,Leaf curl virus
Cotton,Seedling Establishment and Vegetative Growth,Stem canker
Cotton,Seedling Establishment and Vegetative Growth,Anthracnose
Cotton,Seedling Establishment and Vegetative Growth,Gray mildew
Cotton,Seedling Establishment and Vegetative Growth,Alternaria leaf spot
Cotton,Seedling Establishment and Vegetative Growth,Leaf curl virus
Cotton,Seedling Establishment and Vegetative Growth,Anthracnose
Cotton,Seedling Establishment and Vegetative Growth,Gray mildew
Cotton,Seedling Establishment and Vegetative Growth,Alternaria leaf spot
Cotton,Seedling Establishment and Vegetative Growth,Leaf curl virus
Cotton,Seedling Establishment and Vegetative Growth,Anthracnose
Cotton,Seedling Establishment and Vegetative Growth,Bacterial blight
Cotton,Seedling Establishment and Vegetative Growth,Bacterial blight
Cotton,Seedling Establishment and Vegetative Growth,Bacterial blight
Cotton,Seedling Establishment and Vegetative Growth,Bacterial blight
Cotton,Seedling Establishment and Vegetative Growth,Stem canker
Cotton,Seedling Establishment and Vegetative Growth,Alternaria leaf spot
Cotton,Seedling Establishment and Vegetative Growth,Leaf curl virus
Cotton,Seedling Establishment and Vegetative Growth,Alternaria leaf spot
Cotton,Seedling Establishment and Vegetative Growth,Bacterial blight
Cotton,Seedling Establishment and Vegetative Growth,Gray mildew
Cotton,Seedling Establishment and Vegetative Growth,Bacterial blight
Cotton,Seedling Establishment and Vegetative Growth,Stem canker
Cotton,Seedling Establishment and Vegetative Growth,Bacterial blight
Cotton,Seedling Establishment and Vegetative Growth,Cercospora leaf spot
Cotton,Seedling Establishment and Vegetative Growth,Anthracnose
Cotton,Seedling Establishment and Vegetative Growth,Leaf curl virus
Cotton,Seedling Establishment and Vegetative Growth,Bacterial blight
Cotton,Seedling Establishment and Vegetative Growth,Stem canker
Cotton,Seedling Establishment and Vegetative Growth,Leaf curl virus
Cotton,Seedling Establishment and Vegetative Growth,Gray mildew
Cotton,Seedling Establishment and Vegetative Growth,Cercospora leaf spot
Cotton,Seedling Establishment and Vegetative Growth,Cercospora leaf spot
Cotton,Seedling Establishment and Vegetative Growth,Alternaria leaf spot
Cotton,Seedling Establishment and Vegetative Growth,Cercospora leaf spot
Cotton,Seedling Establishment and Vegetative Growth,Anthracnose
Cotton,Seedling Establishment and Vegetative Growth,Cercospora leaf spot
Cotton,Seedling Establishment and Vegetative Growth,Anthracnose
Cotton,Seedling Establishment and Vegetative Growth,Gray mildew
Cotton,Seedling Establishment and Vegetative Growth,Alternaria leaf spot
Cotton,Seedling Establishment and Vegetative Growth,Bacterial blight
Cotton,Seedling Establishment and Vegetative Growth,Cercospora leaf spot
Cotton,Seedling Establishment and Vegetative Growth,Alternaria leaf spot
Cotton,Seedling Establishment and Vegetative Growth,Alternaria leaf spot
Cotton,Seedling Establishment and Vegetative Growth,Cercospora leaf spot
Cotton,Seedling Establishment and Vegetative Growth,Leaf curl virus
Cotton,Seedling Establishment and Vegetative Growth,Gray mildew
Cotton,Seedling Establishment and Vegetative Growth,Anthracnose
Cotton,Seedling Establishment and Vegetative Growth,Stem canker
Cotton,Seedling Establishment and Vegetative Growth,Cercospora leaf spot
Cotton,Seedling Establishment and Vegetative Growth,Stem canker
Cotton,Seedling Establishment and Vegetative Growth,Leaf curl virus
Cotton,Seedling Establishment and Vegetative Growth,Gray mildew
Cotton,Seedling Establishment and Vegetative Growth,Cercospora leaf spot
Cotton,Seedling Establishment and Vegetative Growth,Anthracnose
Cotton,Seedling Establishment and Vegetative Growth,Gray mildew
Cotton,Seedling Establishment and Vegetative Growth,Gray mildew
Cotton,Seedling Establishment and Vegetative Growth,Stem canker
Cotton,Seedling Establishment and Vegetative Growth,Gray mildew
Cotton,Seedling Establishment and Vegetative Growth,Alternaria leaf spot
Cotton,Seedling Establishment and Vegetative Growth,Anthracnose
Cotton,Seedling Establishment and Vegetative Growth,Stem canker
Cotton,Seedling Establishment and Vegetative Growth,Cercospora leaf spot
Cotton,Seedling Establishment and Vegetative Growth,Cercospora leaf spot
Cotton,Seedling Establishment and Vegetative Growth,Bacterial blight
Cotton,Seedling Establishment and Vegetative Growth,Anthracnose
Cotton,Seedling Establishment and Vegetative Growth,Bacterial blight
Cotton,Seedling Establishment and Vegetative Growth,Leaf curl virus
Cotton,Seedling Establishment and Vegetative Growth,Gray mildew
Cotton,Seedling Establishment and Vegetative Growth,Cercospora leaf spot
Cotton,Flowering Bud (Squaring),Myrothecium leaf spot
Cotton,Flowering Bud (Squaring),Boll rot
Cotton,Flowering Bud (Squaring),Alternaria leaf spot
Cotton,Flowering Bud (Squaring),Myrothecium leaf spot
Cotton,Flowering Bud (Squaring),Sooty mold
Cotton,Flowering Bud (Squaring),Alternaria leaf spot
Cotton,Flowering Bud (Squaring),Alternaria leaf spot
Cotton,Flowering Bud (Squaring),Flower bud shedding
Cotton,Flowering Bud (Squaring),Flower bud shedding
Cotton,Flowering Bud (Squaring),Alternaria leaf spot
Cotton,Flowering Bud (Squaring),Alternaria leaf spot
Cotton,Flowering Bud (Squaring),Alternaria leaf spot
Cotton,Flowering Bud (Squaring),Fusarium boll rot
Cotton,Flowering Bud (Squaring),Myrothecium leaf spot
Cotton,Flowering Bud (Squaring),Sooty mold
Cotton,Flowering Bud (Squaring),Flower bud shedding
Cotton,Flowering Bud (Squaring),Myrothecium leaf spot
Cotton,Flowering Bud (Squaring),Myrothecium leaf spot
Cotton,Flowering Bud (Squaring),Wilt complex
Cotton,Flowering Bud (Squaring),Flower bud shedding
Cotton,Flowering Bud (Squaring),Sooty mold
Cotton,Flowering Bud (Squaring),Wilt complex
Cotton,Flowering Bud (Squaring),Boll rot
Cotton,Flowering Bud (Squaring),Myrothecium leaf spot
Cotton,Flowering Bud (Squaring),Sooty mold
Cotton,Flowering Bud (Squaring),Wilt complex
Cotton,Flowering Bud (Squaring),Myrothecium leaf spot
Cotton,Flowering Bud (Squaring),Flower bud shedding
Cotton,Flowering Bud (Squaring),Sooty mold
Cotton,Flowering Bud (Squaring),Alternaria leaf spot
Cotton,Flowering Bud (Squaring),Myrothecium leaf spot
Cotton,Flowering Bud (Squaring),Fusarium boll rot
Cotton,Flowering Bud (Squaring),Wilt complex
Cotton,Flowering Bud (Squaring),Sooty mold
Cotton,Flowering Bud (Squaring),Myrothecium leaf spot
Cotton,Flowering Bud (Squaring),Boll rot
Cotton,Flowering Bud (Squaring),Wilt complex
Cotton,Flowering Bud (Squaring),Myrothecium leaf spot
Cotton,Flowering Bud (Squaring),Boll rot
Cotton,Flowering Bud (Squaring),Sooty mold
Cotton,Flowering Bud (Squaring),Sooty mold
Cotton,Flowering Bud (Squaring),Flower bud shedding
Cotton,Flowering Bud (Squaring),Alternaria leaf spot
Cotton,Flowering Bud (Squaring),Myrothecium leaf spot
Cotton,Flowering Bud (Squaring),Boll rot
Cotton,Flowering Bud (Squaring),Alternaria leaf spot
Cotton,Flowering Bud (Squaring),Wilt complex
Cotton,Flowering Bud (Squaring),Alternaria leaf spot
Cotton,Flowering Bud (Squaring),Myrothecium leaf spot
Cotton,Flowering Bud (Squaring),Flower bud shedding
Cotton,Flowering Bud (Squaring),Fusarium boll rot
Cotton,Flowering Bud (Squaring),Boll rot
Cotton,Flowering Bud (Squaring),Boll rot
Cotton,Flowering Bud (Squaring),Boll rot
Cotton,Flowering Bud (Squaring),Flower bud shedding
Cotton,Flowering Bud (Squaring),Sooty mold
Cotton,Flowering Bud (Squaring),Wilt complex
Cotton,Flowering Bud (Squaring),Alternaria leaf spot
Cotton,Flowering Bud (Squaring),Boll rot
Cotton,Flowering Bud (Squaring),Fusarium boll rot
Cotton,Flowering Bud (Squaring),Myrothecium leaf spot
Cotton,Flowering Bud (Squaring),Flower bud shedding
Cotton,Flowering Bud (Squaring),Wilt complex
Cotton,Flowering Bud (Squaring),Fusarium boll rot
Cotton,Flowering Bud (Squaring),Boll rot
Cotton,Flowering Bud (Squaring),Flower bud shedding
Cotton,Flowering Bud (Squaring),Flower bud shedding
Cotton,Flowering Bud (Squaring),Flower bud shedding
Cotton,Flowering Bud (Squaring),Alternaria leaf spot
Cotton,Flowering Bud (Squaring),Fusarium boll rot
Cotton,Flowering Bud (Squaring),Myrothecium leaf spot
Cotton,Flowering Bud (Squaring),Myrothecium leaf spot
Cotton,Flowering Bud (Squaring),Wilt complex
Cotton,Flowering Bud (Squaring),Wilt complex
Cotton,Flowering Bud (Squaring),Flower bud shedding
Cotton,Flowering Bud (Squaring),Flower bud shedding
Cotton,Flowering Bud (Squaring),Sooty mold
Cotton,Flowering Bud (Squaring),Myrothecium leaf spot
Cotton,Flowering Bud (Squaring),Myrothecium leaf spot
Cotton,Flowering Bud (Squaring),Wilt complex
Cotton,Flowering Bud (Squaring),Wilt complex
Cotton,Flowering Bud (Squaring),Myrothecium leaf spot
Cotton,Flowering Bud (Squaring),Fusarium boll rot
Cotton,Flowering Bud (Squaring),Fusarium boll rot
Cotton,Flowering Bud (Squaring),Alternaria leaf spot
Cotton,Flowering Bud (Squaring),Alternaria leaf spot
Cotton,Flowering Bud (Squaring),Myrothecium leaf spot
Cotton,Flowering Bud (Squaring),Flower bud shedding
Cotton,Flowering Bud (Squaring),Fusarium boll rot
Cotton,Flowering Bud (Squaring),Alternaria leaf spot
Cotton,Flowering Bud (Squaring),Flower bud shedding
Cotton,Flowering Bud (Squaring),Boll rot
Cotton,Flowering Bud (Squaring),Wilt complex
Cotton,Flowering Bud (Squaring),Fusarium boll rot
Cotton,Flowering Bud (Squaring),Wilt complex
Cotton,Flowering Bud (Squaring),Flower bud shedding
Cotton,Flowering Bud (Squaring),Wilt complex
Cotton,Flowering Bud (Squaring),Wilt complex
Cotton,Flowering Bud (Squaring),Wilt complex
Cotton,Flowering Bud (Squaring),Alternaria leaf spot
Cotton,Flowering Bud (Squaring),Wilt complex
Cotton,Flowering Bud (Squaring),Myrothecium leaf spot
Cotton,Flowering Bud (Squaring),Flower bud shedding
Cotton,Flowering Bud (Squaring),Flower bud shedding
Cotton,Flowering Bud (Squaring),Boll rot
Cotton,Flowering Bud (Squaring),Alternaria leaf spot
Cotton,Flowering Bud (Squaring),Boll rot
Cotton,Flowering Bud (Squaring),Fusarium boll rot
Cotton,Flowering Bud (Squaring),Alternaria leaf spot
Cotton,Flowering Bud (Squaring),Fusarium boll rot
Cotton,Flowering Bud (Squaring),Fusarium boll rot
Cotton,Flowering Bud (Squaring),Fusarium boll rot
Cotton,Flowering Bud (Squaring),Flower bud shedding
Cotton,Flowering Bud (Squaring),Flower bud shedding
Cotton,Flowering Bud (Squaring),Fusarium boll rot
Cotton,Flowering Bud (Squaring),Boll rot
Cotton,Flowering Bud (Squaring),Fusarium boll rot
Cotton,Flowering Bud (Squaring),Boll rot
Cotton,Flowering Bud (Squaring),Flower bud shedding
Cotton,Flowering Bud (Squaring),Alternaria leaf spot
Cotton,Flowering Bud (Squaring),Wilt complex
Cotton,Flowering Bud (Squaring),Wilt complex
Cotton,Flowering Bud (Squaring),Myrothecium leaf spot
Cotton,Flowering Bud (Squaring),Fusarium boll rot
Cotton,Flowering Bud (Squaring),Boll rot
Cotton,Flowering Bud (Squaring),Sooty mold
Cotton,Flowering Bud (Squaring),Boll rot
Cotton,Flowering Bud (Squaring),Wilt complex
Cotton,Flowering Bud (Squaring),Fusarium boll rot
Cotton,Flowering Bud (Squaring),Fusarium boll rot
Cotton,Flowering Bud (Squaring),Fusarium boll rot
Cotton,Flowering Bud (Squaring),Sooty mold
Cotton,Flowering Bud (Squaring),Fusarium boll rot
Cotton,Flowering Bud (Squaring),Wilt complex
Cotton,Flowering Bud (Squaring),Alternaria leaf spot
Cotton,Flowering Bud (Squaring),Flower bud shedding
Cotton,Flowering Bud (Squaring),Boll rot
Cotton,Flowering Bud (Squaring),Sooty mold
Cotton,Flowering Bud (Squaring),Flower bud shedding
Cotton,Flowering Bud (Squaring),Boll rot
Cotton,Flowering Bud (Squaring),Flower bud shedding
Cotton,Flowering Bud (Squaring),Alternaria leaf spot
Cotton,Flowering Bud (Squaring),Myrothecium leaf spot
Cotton,Flowering Bud (Squaring),Myrothecium leaf spot
Cotton,Flowering Bud (Squaring),Sooty mold
Cotton,Flowering Bud (Squaring),Sooty mold
Cotton,Flowering Bud (Squaring),Myrothecium leaf spot
Cotton,Flowering Bud (Squaring),Wilt complex
Cotton,Flowering Bud (Squaring),Boll rot
Cotton,Flowering Bud (Squaring),Myrothecium leaf spot
Cotton,Flowering Bud (Squaring),Alternaria leaf spot
Cotton,Flowering Bud (Squaring),Fusarium boll rot
Cotton,Flowering Bud (Squaring),Fusarium boll rot
Cotton,Flowering Bud (Squaring),Wilt complex
Cotton,Flowering Bud (Squaring),Boll rot
Cotton,Flowering Bud (Squaring),Alternaria leaf spot
Cotton,Flowering Bud (Squaring),Fusarium boll rot
Cotton,Flowering Bud (Squaring),Sooty mold
Cotton,Flowering Bud (Squaring),Boll rot
Cotton,Flowering Bud (Squaring),Sooty mold
Cotton,Flowering Bud (Squaring),Flower bud shedding
Cotton,Flowering Bud (Squaring),Wilt complex
Cotton,Flowering Bud (Squaring),Wilt complex
Cotton,Flowering Bud (Squaring),Boll rot
Cotton,Flowering Bud (Squaring),Sooty mold
Cotton,Flowering Bud (Squaring),Flower bud shedding
Cotton,Flowering Bud (Squaring),Sooty mold
Cotton,Flowering Bud (Squaring),Boll rot
Cotton,Flowering Bud (Squaring),Wilt complex
Cotton,Flowering Bud (Squaring),Boll rot
Cotton,Flowering Bud (Squaring),Alternaria leaf spot
Cotton,Flowering Bud (Squaring),Boll rot
Cotton,Flowering Bud (Squaring),Alternaria leaf spot
Cotton,Flowering Bud (Squaring),Boll rot
Cotton,Flowering Bud (Squaring),Alternaria leaf spot
Cotton,Flowering Bud (Squaring),Wilt complex
Cotton,Flowering Bud (Squaring),Alternaria leaf spot
Cotton,Flowering Bud (Squaring),Flower bud shedding
Cotton,Flowering Bud (Squaring),Boll rot
Cotton,Flowering Bud (Squaring),Boll rot
Cotton,Flowering Bud (Squaring),Boll rot
Cotton,Flowering Bud (Squaring),Boll rot
Cotton,Flowering Bud (Squaring),Wilt complex
Cotton,Flowering Bud (Squaring),Boll rot
Cotton,Flowering Bud (Squaring),Sooty mold
Cotton,Flowering Bud (Squaring),Sooty mold
Cotton,Flowering Bud (Squaring),Boll rot
Cotton,Flowering Bud (Squaring),Flower bud shedding
Cotton,Flowering Bud (Squaring),Flower bud shedding
Cotton,Flowering Bud (Squaring),Wilt complex
Cotton,Flowering Bud (Squaring),Boll rot
Cotton,Flowering Bud (Squaring),Fusarium boll rot
Cotton,Flowering Bud (Squaring),Sooty mold
Cotton,Flowering Bud (Squaring),Wilt complex
Cotton,Flowering Bud (Squaring),Myrothecium leaf spot
Cotton,Flowering Bud (Squaring),Alternaria leaf spot
Cotton,Flowering Bud (Squaring),Flower bud shedding
Cotton,Flowering Bud (Squaring),Boll rot
Cotton,Flowering Bud (Squaring),Wilt complex
Cotton,Flowering Bud (Squaring),Boll rot
Cotton,Flowering and Boll Development,Leaf curl virus
Cotton,Flowering and Boll Development,Target spot
Cotton,Flowering and Boll Development,Gray mildew
Cotton,Flowering and Boll Development,Bacterial blight
Cotton,Flowering and Boll Development,Anthracnose
Cotton,Flowering and Boll Development,Anthracnose
Cotton,Flowering and Boll Development,Boll rot
Cotton,Flowering and Boll Development,Anthracnose
Cotton,Flowering and Boll Development,Boll rot
Cotton,Flowering and Boll Development,Bacterial blight
Cotton,Flowering and Boll Development,Bacterial blight
Cotton,Flowering and Boll Development,Bacterial blight
Cotton,Flowering and Boll Development,Anthracnose
Cotton,Flowering and Boll Development,Leaf curl virus
Cotton,Flowering and Boll Development,Anthracnose
Cotton,Flowering and Boll Development,Boll rot
Cotton,Flowering and Boll Development,Gray mildew
Cotton,Flowering and Boll Development,Alternaria blight
Cotton,Flowering and Boll Development,Target spot
Cotton,Flowering and Boll Development,Bacterial blight
Cotton,Flowering and Boll Development,Target spot
Cotton,Flowering and Boll Development,Leaf curl virus
Cotton,Flowering and Boll Development,Alternaria blight
Cotton,Flowering and Boll Development,Bacterial blight
Cotton,Flowering and Boll Development,Target spot
Cotton,Flowering and Boll Development,Anthracnose
Cotton,Flowering and Boll Development,Target spot
Cotton,Flowering and Boll Development,Gray mildew
Cotton,Flowering and Boll Development,Leaf curl virus
Cotton,Flowering and Boll Development,Alternaria blight
Cotton,Flowering and Boll Development,Gray mildew
Cotton,Flowering and Boll Development,Boll rot
Cotton,Flowering and Boll Development,Gray mildew
Cotton,Flowering and Boll Development,Target spot
Cotton,Flowering and Boll Development,Target spot
Cotton,Flowering and Boll Development,Bacterial blight
Cotton,Flowering and Boll Development,Boll rot
Cotton,Flowering and Boll Development,Target spot
Cotton,Flowering and Boll Development,Target spot
Cotton,Flowering and Boll Development,Alternaria blight
Cotton,Flowering and Boll Development,Anthracnose
Cotton,Flowering and Boll Development,Boll rot
Cotton,Flowering and Boll Development,Leaf curl virus
Cotton,Flowering and Boll Development,Leaf curl virus
Cotton,Flowering and Boll Development,Gray mildew
Cotton,Flowering and Boll Development,Target spot
Cotton,Flowering and Boll Development,Leaf curl virus
Cotton,Flowering and Boll Development,Target spot
Cotton,Flowering and Boll Development,Alternaria blight
Cotton,Flowering and Boll Development,Leaf curl virus
Cotton,Flowering and Boll Development,Leaf curl virus
Cotton,Flowering and Boll Development,Bacterial blight
Cotton,Flowering and Boll Development,Bacterial blight
Cotton,Flowering and Boll Development,Gray mildew
Cotton,Flowering and Boll Development,Anthracnose
Cotton,Flowering and Boll Development,Leaf curl virus
Cotton,Flowering and Boll Development,Anthracnose
Cotton,Flowering and Boll Development,Gray mildew
Cotton,Flowering and Boll Development,Anthracnose
Cotton,Flowering and Boll Development,Boll rot
Cotton,Flowering and Boll Development,Alternaria blight
Cotton,Flowering and Boll Development,Anthracnose
Cotton,Flowering and Boll Development,Bacterial blight
Cotton,Flowering and Boll Development,Target spot
Cotton,Flowering and Boll Development,Alternaria blight
Cotton,Flowering and Boll Development,Boll rot
Cotton,Flowering and Boll Development,Gray mildew
Cotton,Flowering and Boll Development,Bacterial blight
Cotton,Flowering and Boll Development,Target spot
Cotton,Flowering and Boll Development,Alternaria blight
Cotton,Flowering and Boll Development,Leaf curl virus
Cotton,Flowering and Boll Development,Boll rot
Cotton,Flowering and Boll Development,Alternaria blight
Cotton,Flowering and Boll Development,Anthracnose
Cotton,Flowering and Boll Development,Boll rot
Cotton,Flowering and Boll Development,Gray mildew
Cotton,Flowering and Boll Development,Anthracnose
Cotton,Flowering and Boll Development,Target spot
Cotton,Flowering and Boll Development,Boll rot
Cotton,Flowering and Boll Development,Gray mildew
Cotton,Flowering and Boll Development,Leaf curl virus
Cotton,Flowering and Boll Development,Alternaria blight
Cotton,Flowering and Boll Development,Anthracnose
Cotton,Flowering and Boll Development,Target spot
Cotton,Flowering and Boll Development,Bacterial blight
Cotton,Flowering and Boll Development,Alternaria blight
Cotton,Flowering and Boll Development,Boll rot
Cotton,Flowering and Boll Development,Alternaria blight
Cotton,Flowering and Boll Development,Gray mildew
Cotton,Flowering and Boll Development,Gray mildew
Cotton,Flowering and Boll Development,Gray mildew
Cotton,Flowering and Boll Development,Target spot
Cotton,Flowering and Boll Development,Anthracnose
Cotton,Flowering and Boll Development,Gray mildew
Cotton,Flowering and Boll Development,Target spot
Cotton,Flowering and Boll Development,Leaf curl virus
Cotton,Flowering and Boll Development,Gray mildew
Cotton,Flowering and Boll Development,Target spot
Cotton,Flowering and Boll Development,Leaf curl virus
Cotton,Flowering and Boll Development,Leaf curl virus
Cotton,Flowering and Boll Development,Target spot
Cotton,Flowering and Boll Development,Leaf curl virus
Cotton,Flowering and Boll Development,Leaf curl virus
Cotton,Flowering and Boll Development,Bacterial blight
Cotton,Flowering and Boll Development,Leaf curl virus
Cotton,Flowering and Boll Development,Gray mildew
Cotton,Flowering and Boll Development,Alternaria blight
Cotton,Flowering and Boll Development,Alternaria blight
Cotton,Flowering and Boll Development,Leaf curl virus
Cotton,Flowering and Boll Development,Bacterial blight
Cotton,Flowering and Boll Development,Alternaria blight
Cotton,Flowering and Boll Development,Gray mildew
Cotton,Flowering and Boll Development,Target spot
Cotton,Flowering and Boll Development,Bacterial blight
Cotton,Flowering and Boll Development,Target spot
Cotton,Flowering and Boll Development,Alternaria blight
Cotton,Flowering and Boll Development,Alternaria blight
Cotton,Flowering and Boll Development,Anthracnose
Cotton,Flowering and Boll Development,Anthracnose
Cotton,Flowering and Boll Development,Alternaria blight
Cotton,Flowering and Boll Development,Alternaria blight
Cotton,Flowering and Boll Development,Boll rot
Cotton,Flowering and Boll Development,Anthracnose
Cotton,Flowering and Boll Development,Alternaria blight
Cotton,Flowering and Boll Development,Target spot
Cotton,Flowering and Boll Development,Boll rot
Cotton,Flowering and Boll Development,Target spot
Cotton,Flowering and Boll Development,Bacterial blight
Cotton,Flowering and Boll Development,Boll rot
Cotton,Flowering and Boll Development,Bacterial blight
Cotton,Flowering and Boll Development,Gray mildew
Cotton,Flowering and Boll Development,Leaf curl virus
Cotton,Flowering and Boll Development,Target spot
Cotton,Flowering and Boll Development,Target spot
Cotton,Flowering and Boll Development,Gray mildew
Cotton,Flowering and Boll Development,Bacterial blight
Cotton,Flowering and Boll Development,Leaf curl virus
Cotton,Flowering and Boll Development,Gray mildew
Cotton,Flowering and Boll Development,Anthracnose
Cotton,Flowering and Boll Development,Alternaria blight
Cotton,Flowering and Boll Development,Boll rot
Cotton,Flowering and Boll Development,Boll rot
Cotton,Flowering and Boll Development,Gray mildew
Cotton,Flowering and Boll Development,Boll rot
Cotton,Flowering and Boll Development,Alternaria blight
Cotton,Flowering and Boll Development,Boll rot
Cotton,Flowering and Boll Development,Leaf curl virus
Cotton,Flowering and Boll Development,Target spot
Cotton,Flowering and Boll Development,Alternaria blight
Cotton,Flowering and Boll Development,Gray mildew
Cotton,Flowering and Boll Development,Boll rot
Cotton,Flowering and Boll Development,Target spot
Cotton,Flowering and Boll Development,Bacterial blight
Cotton,Flowering and Boll Development,Boll rot
Cotton,Flowering and Boll Development,Alternaria blight
Cotton,Flowering and Boll Development,Target spot
Cotton,Flowering and Boll Development,Bacterial blight
Cotton,Flowering and Boll Development,Alternaria blight
Cotton,Flowering and Boll Development,Leaf curl virus
Cotton,Flowering and Boll Development,Alternaria blight
Cotton,Flowering and Boll Development,Target spot
Cotton,Flowering and Boll Development,Bacterial blight
Cotton,Flowering and Boll Development,Boll rot
Cotton,Flowering and Boll Development,Gray mildew
Cotton,Flowering and Boll Development,Anthracnose
Cotton,Flowering and Boll Development,Leaf curl virus
Cotton,Flowering and Boll Development,Bacterial blight
Cotton,Flowering and Boll Development,Alternaria blight
Cotton,Flowering and Boll Development,Leaf curl virus
Cotton,Flowering and Boll Development,Boll rot
Cotton,Flowering and Boll Development,Gray mildew
Cotton,Flowering and Boll Development,Bacterial blight
Cotton,Flowering and Boll Development,Boll rot
Cotton,Flowering and Boll Development,Target spot
Cotton,Flowering and Boll Development,Boll rot
Cotton,Flowering and Boll Development,Alternaria blight
Cotton,Flowering and Boll Development,Target spot
Cotton,Flowering and Boll Development,Bacterial blight
Cotton,Flowering and Boll Development,Anthracnose
Cotton,Flowering and Boll Development,Alternaria blight
Cotton,Flowering and Boll Development,Bacterial blight
Cotton,Flowering and Boll Development,Alternaria blight
Cotton,Flowering and Boll Development,Bacterial blight
Cotton,Flowering and Boll Development,Alternaria blight
Cotton,Flowering and Boll Development,Alternaria blight
Cotton,Flowering and Boll Development,Leaf curl virus
Cotton,Flowering and Boll Development,Leaf curl virus
Cotton,Flowering and Boll Development,Boll rot
Cotton,Flowering and Boll Development,Bacterial blight
Cotton,Flowering and Boll Development,Bacterial blight
Cotton,Flowering and Boll Development,Anthracnose
Cotton,Flowering and Boll Development,Target spot
Cotton,Flowering and Boll Development,Bacterial blight
Cotton,Flowering and Boll Development,Boll rot
Cotton,Flowering and Boll Development,Anthracnose
Cotton,Flowering and Boll Development,Gray mildew
Cotton,Flowering and Boll Development,Gray mildew
Cotton,Flowering and Boll Development,Bacterial blight
Cotton,Flowering and Boll Development,Leaf curl virus
Cotton,Flowering and Boll Development,Boll rot
Cotton,Maturation and Boll Opening,Sooty mold
Cotton,Maturation and Boll Opening,Fusarium wilt
Cotton,Maturation and Boll Opening,Anthracnose
Cotton,Maturation and Boll Opening,Anthracnose
Cotton,Maturation and Boll Opening,Anthracnose
Cotton,Maturation and Boll Opening,Fusarium wilt
Cotton,Maturation and Boll Opening,Fusarium wilt
Cotton,Maturation and Boll Opening,Fusarium wilt
Cotton,Maturation and Boll Opening,Alternaria leaf spot
Cotton,Maturation and Boll Opening,Wilt complex
Cotton,Maturation and Boll Opening,Fusarium wilt
Cotton,Maturation and Boll Opening,Sooty mold
Cotton,Maturation and Boll Opening,Sooty mold
Cotton,Maturation and Boll Opening,Alternaria leaf spot
Cotton,Maturation and Boll Opening,Wilt complex
Cotton,Maturation and Boll Opening,Boll rot
Cotton,Maturation and Boll Opening,Fusarium wilt
Cotton,Maturation and Boll Opening,Wilt complex
Cotton,Maturation and Boll Opening,Wilt complex
Cotton,Maturation and Boll Opening,Fusarium wilt
Cotton,Maturation and Boll Opening,Wilt complex
Cotton,Maturation and Boll Opening,Fusarium wilt
Cotton,Maturation and Boll Opening,Sooty mold
Cotton,Maturation and Boll Opening,Wilt complex
Cotton,Maturation and Boll Opening,Sooty mold
Cotton,Maturation and Boll Opening,Boll rot
Cotton,Maturation and Boll Opening,Alternaria leaf spot
Cotton,Maturation and Boll Opening,Gray mold
Cotton,Maturation and Boll Opening,Fusarium wilt
Cotton,Maturation and Boll Opening,Sooty mold
Cotton,Maturation and Boll Opening,Gray mold
Cotton,Maturation and Boll Opening,Sooty mold
Cotton,Maturation and Boll Opening,Alternaria leaf spot
Cotton,Maturation and Boll Opening,Alternaria leaf spot
Cotton,Maturation and Boll Opening,Alternaria leaf spot
Cotton,Maturation and Boll Opening,Sooty mold
Cotton,Maturation and Boll Opening,Alternaria leaf spot
Cotton,Maturation and Boll Opening,Fusarium wilt
Cotton,Maturation and Boll Opening,Alternaria leaf spot
Cotton,Maturation and Boll Opening,Alternaria leaf spot
Cotton,Maturation and Boll Opening,Fusarium wilt
Cotton,Maturation and Boll Opening,Alternaria leaf spot
Cotton,Maturation and Boll Opening,Wilt complex
Cotton,Maturation and Boll Opening,Wilt complex
Cotton,Maturation and Boll Opening,Wilt complex
Cotton,Maturation and Boll Opening,Alternaria leaf spot
Cotton,Maturation and Boll Opening,Wilt complex
Cotton,Maturation and Boll Opening,Anthracnose
Cotton,Maturation and Boll Opening,Fusarium wilt
Cotton,Maturation and Boll Opening,Alternaria leaf spot
Cotton,Maturation and Boll Opening,Anthracnose
Cotton,Maturation and Boll Opening,Wilt complex
Cotton,Maturation and Boll Opening,Sooty mold
Cotton,Maturation and Boll Opening,Wilt complex
Cotton,Maturation and Boll Opening,Fusarium wilt
Cotton,Maturation and Boll Opening,Gray mold
Cotton,Maturation and Boll Opening,Fusarium wilt
Cotton,Maturation and Boll Opening,Wilt complex
Cotton,Maturation and Boll Opening,Anthracnose
Cotton,Maturation and Boll Opening,Wilt complex
Cotton,Maturation and Boll Opening,Boll rot
Cotton,Maturation and Boll Opening,Anthracnose
Cotton,Maturation and Boll Opening,Wilt complex
Cotton,Maturation and Boll Opening,Fusarium wilt
Cotton,Maturation and Boll Opening,Anthracnose
Cotton,Maturation and Boll Opening,Wilt complex
Cotton,Maturation and Boll Opening,Wilt complex
Cotton,Maturation and Boll Opening,Boll rot
Cotton,Maturation and Boll Opening,Anthracnose
Cotton,Maturation and Boll Opening,Sooty mold
Cotton,Maturation and Boll Opening,Boll rot
Cotton,Maturation and Boll Opening,Wilt complex
Cotton,Maturation and Boll Opening,Sooty mold
Cotton,Maturation and Boll Opening,Anthracnose
Cotton,Maturation and Boll Opening,Gray mold
Cotton,Maturation and Boll Opening,Anthracnose
Cotton,Maturation and Boll Opening,Boll rot
Cotton,Maturation and Boll Opening,Anthracnose
Cotton,Maturation and Boll Opening,Alternaria leaf spot
Cotton,Maturation and Boll Opening ,Sooty mold
Cotton,Maturation and Boll Opening,Gray mold
Cotton,Maturation and Boll Opening,Boll rot
Cotton,Maturation and Boll Opening,Boll rot
Cotton,Maturation and Boll Opening,Wilt complex
Cotton,Maturation and Boll Opening,Sooty mold
Cotton,Maturation and Boll Opening,Sooty mold
Cotton,Maturation and Boll Opening,Alternaria leaf spot
Cotton,Maturation and Boll Opening,Anthracnose
Cotton,Maturation and Boll Opening,Fusarium wilt
Cotton,Maturation and Boll Opening,Wilt complex
Cotton,Maturation and Boll Opening,Sooty mold
Cotton,Maturation and Boll Opening,Boll rot
Cotton,Maturation and Boll Opening,Wilt complex
Cotton,Maturation and Boll Opening,Gray mold
Cotton,Maturation and Boll Opening,Wilt complex
Cotton,Maturation and Boll Opening,Anthracnose
Cotton,Maturation and Boll Opening,Alternaria leaf spot
Cotton,Maturation and Boll Opening,Fusarium wilt
Cotton,Maturation and Boll Opening,Fusarium wilt
Cotton,Maturation and Boll Opening,Fusarium wilt
Cotton,Maturation and Boll Opening,Wilt complex
Cotton,Maturation and Boll Opening,Alternaria leaf spot
Cotton,Maturation and Boll Opening,Alternaria leaf spot
Cotton,Maturation and Boll Opening,Boll rot
Cotton,Maturation and Boll Opening,Anthracnose
Cotton,Maturation and Boll Opening,Gray mold
Cotton,Maturation and Boll Opening,Gray mold
Cotton,Maturation and Boll Opening,Anthracnose
Cotton,Maturation and Boll Opening,Alternaria leaf spot
Cotton,Maturation and Boll Opening,Boll rot
Cotton,Maturation and Boll Opening,Fusarium wilt
Cotton,Maturation and Boll Opening,Alternaria leaf spot
Cotton,Maturation and Boll Opening,Alternaria leaf spot
Cotton,Maturation and Boll Opening,Boll rot
Cotton,Maturation and Boll Opening,Gray mold
Cotton,Maturation and Boll Opening,Gray mold
Cotton,Maturation and Boll Opening,Wilt complex
Cotton,Maturation and Boll Opening,Fusarium wilt
Cotton,Maturation and Boll Opening,Anthracnose
Cotton,Maturation and Boll Opening,Anthracnose
Cotton,Maturation and Boll Opening,Gray mold
Cotton,Maturation and Boll Opening,Boll rot
Cotton,Maturation and Boll Opening,Sooty mold
Cotton,Maturation and Boll Opening,Anthracnose
Cotton,Maturation and Boll Opening,Sooty mold
Cotton,Maturation and Boll Opening,Anthracnose
Cotton,Maturation and Boll Opening,Wilt complex
Cotton,Maturation and Boll Opening,Boll rot
Cotton,Maturation and Boll Opening,Alternaria leaf spot
Cotton,Maturation and Boll Opening,Anthracnose
Cotton,Maturation and Boll Opening,Sooty mold
Cotton,Maturation and Boll Opening,Fusarium wilt
Cotton,Maturation and Boll Opening,Fusarium wilt
Cotton,Maturation and Boll Opening,Gray mold
Cotton,Maturation and Boll Opening,Alternaria leaf spot
Cotton,Maturation and Boll Opening,Sooty mold
Cotton,Maturation and Boll Opening,Gray mold
Cotton,Maturation and Boll Opening,Alternaria leaf spot
Cotton,Maturation and Boll Opening,Boll rot
Cotton,Maturation and Boll Opening,Alternaria leaf spot
Cotton,Maturation and Boll Opening,Gray mold
Cotton,Maturation and Boll Opening,Wilt complex
Cotton,Maturation and Boll Opening,Wilt complex
Cotton,Maturation and Boll Opening,Fusarium wilt
Cotton,Maturation and Boll Opening,Wilt complex
Cotton,Maturation and Boll Opening,Sooty mold
Cotton,Maturation and Boll Opening,Alternaria leaf spot
Cotton,Maturation and Boll Opening,Anthracnose
Cotton,Maturation and Boll Opening,Alternaria leaf spot
Cotton,Maturation and Boll Opening,Boll rot
Cotton,Maturation and Boll Opening,Boll rot
Cotton,Maturation and Boll Opening,Gray mold
Cotton,Maturation and Boll Opening,Sooty mold
Cotton,Maturation and Boll Opening,Boll rot
Cotton,Maturation and Boll Opening,Anthracnose
Cotton,Maturation and Boll Opening,Fusarium wilt
Cotton,Maturation and Boll Opening,Alternaria leaf spot
Cotton,Maturation and Boll Opening,Sooty mold
Cotton,Maturation and Boll Opening,Alternaria leaf spot
Cotton,Maturation and Boll Opening,Wilt complex
Cotton,Maturation and Boll Opening,Sooty mold
Cotton,Maturation and Boll Opening,Fusarium wilt
Cotton,Maturation and Boll Opening,Wilt complex
Cotton,Maturation and Boll Opening,Wilt complex
Cotton,Maturation and Boll Opening,Alternaria leaf spot
Cotton,Maturation and Boll Opening,Sooty mold
Cotton,Maturation and Boll Opening,Alternaria leaf spot
Cotton,Maturation and Boll Opening,Fusarium wilt
Cotton,Maturation and Boll Opening,Alternaria leaf spot
Cotton,Maturation and Boll Opening,Boll rot
Cotton,Maturation and Boll Opening,Fusarium wilt
Cotton,Maturation and Boll Opening,Boll rot
Cotton,Maturation and Boll Opening,Wilt complex
Cotton,Maturation and Boll Opening,Boll rot
Cotton,Maturation and Boll Opening,Wilt complex
Cotton,Maturation and Boll Opening,Fusarium wilt
Cotton,Maturation and Boll Opening,Anthracnose
Cotton,Maturation and Boll Opening,Boll rot
Cotton,Maturation and Boll Opening,Alternaria leaf spot
Cotton,Maturation and Boll Opening,Alternaria leaf spot
Cotton,Maturation and Boll Opening,Anthracnose
Cotton,Maturation and Boll Opening,Boll rot
Cotton,Maturation and Boll Opening,Anthracnose
Cotton,Maturation and Boll Opening,Boll rot
Cotton,Maturation and Boll Opening,Anthracnose
Cotton,Maturation and Boll Opening,Gray mold
Cotton,Maturation and Boll Opening,Boll rot
Cotton,Maturation and Boll Opening,Boll rot
Cotton,Maturation and Boll Opening,Sooty mold
Cotton,Maturation and Boll Opening,Boll rot
Cotton,Maturation and Boll Opening,Alternaria leaf spot
Cotton,Maturation and Boll Opening,Fusarium wilt
Cotton,Maturation and Boll Opening,Alternaria leaf spot
Cotton,Maturation and Boll Opening,Boll rot
Cotton,Maturation and Boll Opening,Wilt complex
Cotton,Maturation and Boll Opening,Boll rot
Cotton,Maturation and Boll Opening,Alternaria leaf spot
Cotton,Maturation and Boll Opening,Fusarium wilt
Cotton,Maturation and Boll Opening,Gray mold
Cotton,Maturation and Boll Opening,Alternaria leaf spot

